"contentspace","contentspace href","contentheight","name","date"
"Good Build Quality And Interior","https://www.cardekho.com/user-review/honda-city-hybrid/good-build-quality-and-interior-271162.htm","It has good build quality and interior space. It has good boot space and is more spacious but it has a high price. It gets a one-touch electric sunroof which is unavoidable in most cars but the infotainment system is not good. It has six airbags at this price and many great safety features but is not easy to use. It gives around 15 kmpl mileage and...","By ashish","On: Oct 17, 2023  | 953 Views"
"Timeless Style And Performance Renewed","https://www.cardekho.com/user-review/honda-city-hybrid/timeless-style-and-performance-renewed-270786.htm","Because of this, I've the utmost reference for this model. I am appreciative of this model's qualifications. The Honda City Hybrid uthisrs in a new time of communal luxury. Elate your driving with this model's unusual eventuality for provisioning. Its slice and bones rudiments and contemporary phraseology examine what phraseology punch implies. The...","By pradeep","On: Oct 15, 2023  | 101 Views"
"Mileage A Huge Disappointment","https://www.cardekho.com/user-review/honda-city-hybrid/mileage-a-huge-disappointment-270514.htm","I purchased the Honda City Hybrid H-ev with high expectations, given Honda's reputation for quality and the Japanese style of business. However, I have been thoroughly disappointed by the vehicle's fuel efficiency. Despite making numerous complaints and seeking assistance from Honda, I am dismayed to report that they have not taken any significant ...","By shantanu singh","On: Oct 12, 2023  | 1613 Views"
"Best Performance And Comfortable Riding Experience","https://www.cardekho.com/user-review/honda-city-hybrid/best-performance-and-comfortable-riding-experience-270406.htm","Honda City Hybrid was one of the best-selling sedans in the Indian market. This car is currently discontinued, but it was the main contributor to the total sales of the Honda in India. This car consists of a 4-cylinder, around 1500 cc engine that is very powerful and has good performance in the city as well as on Highway rides. This car was availab...","By manish","On: Oct 11, 2023  | 99 Views"
"Honda City Hybrid Legacy Of Excellence Continues","https://www.cardekho.com/user-review/honda-city-hybrid/honda-city-hybrid-legacy-of-excellence-continues-269885.htm","I will always have the utmost estimation for this model because of this. I enjoy the vacuity of this model. With the release of the Honda City Hybrid, communal luxury has passed new heights. You can meliorate your driving thanks to this model's astounding characteristics. Its innovative features and fine appearance review what it means to punch in ...","By farokh","On: Oct 06, 2023  | 178 Views"
"Honda City Hybrid Has Next Level Urban Charm","https://www.cardekho.com/user-review/honda-city-hybrid/honda-city-hybrid-has-next-level-urban-charm-269484.htm","Due to its, my reference for this model has no bounds. This model's qualification is commodity I respect. A new time of civic luxury has begun with the Honda City's fourth generation. Ameliorate your driving with the remarkable capabilities of this model. ultramodern styling and slice bite technology resuscitate what it means to punch in phraseolog...","By rakesh","On: Oct 03, 2023  | 207 Views"
"Urban Luxury With The Honda City Hybrid","https://www.cardekho.com/user-review/honda-city-hybrid/urban-luxury-with-the-honda-city-hybrid-269062.htm","Because of this, my adoration for this model is beyond bounds. This model's qualification is a commodity for which I'm thankful. The Honda City Hybrid ushers in a new time of civic luxury. With this model's remarkable capacity for furnishing, elate your driving. It's slice-bite features and coincidental styling review what it means to punch in phra...","By meenal","On: Sep 29, 2023  | 107 Views"
"Fusing Elegance, Dynamism, And Safety Seamlessly","https://www.cardekho.com/user-review/honda-city-hybrid/fusing-elegance-dynamism-and-safety-seamlessly-268693.htm","Innovative Progression Honda City hybrid Sets New Urban Driving norms. Striking Aesthetics Take Center Stage. Enhanced Performance Dynamic Machine Takes Lead. Elegantly drafted Innards Roomy Cabin, Contemporary Luxuries. Technological Excellence Next-Level Features Enhance trip. royal Driving Nimble Control, gentled suspense. Focus on Safety Impres...","By jaison","On: Sep 26, 2023  | 66 Views"
"The All-New Honda City: A Contemporary Urban Marvel","https://www.cardekho.com/user-review/honda-city-hybrid/the-allnew-honda-city-a-contemporary-urban-marvel-268446.htm","In the bustling streets of the United Kingdom, where elegance meets efficiency, the Honda City has established itself as a true automotive icon. With its rich history dating back to the early 1980s, the Honda City has consistently evolved to meet the ever-changing demands of the modern urban dweller. Design and Aesthetics The 2023 Honda City is a s...","By samudra dev","On: Sep 24, 2023  | 107 Views"
"Elevating Urban Driving","https://www.cardekho.com/user-review/honda-city-hybrid/elevating-urban-driving-268027.htm","The fourth generation Honda City impresses with its elegant format, cushty indoors, and balanced normal performance. Its glossy and modern day outdoors exudes sophistication, while the spacious cabin boasts high quality substances and patron quality tech capabilities. The automobile's green engine and responsive dealing with make it ideal for metro...","By amitabh","On: Sep 22, 2023  | 116 Views"
"Honda City Hybrid Classic Sedan","https://www.cardekho.com/user-review/honda-city-hybrid/honda-city-hybrid-classic-sedan-267369.htm","The Honda City Hybrid is a classic sedan that has left a lasting legacy. Its timeless design is sleek and sophisticated, and the cabin offers comfortable seating and quality materials. It handles well on highways and is a reliable choice for daily commuting. The infotainment system is basic but functional. The only minor drawback is that it lacks s...","By vertika","On: Sep 18, 2023  | 234 Views"
"Good Performance","https://www.cardekho.com/user-review/honda-city-hybrid/good-performance-266604.htm","The Honda City 4th Generation was launched in India was 2014. It contains a 1.5-litre petrol engine. Its 1.5-litre diesel engine was discontinued. The exterior of this car is very elegant and amazing. This five-seater car sedan had a lot of headspace, leg space, and shoulder space for a comfortable ride. In the interior, it had an automated climate...","By angshuman","On: Sep 13, 2023  | 100 Views"
"The Car Is Roomy And Well-Designed","https://www.cardekho.com/user-review/honda-city-hybrid/the-car-is-roomy-and-welldesigned-266267.htm","The comfort, fuel efficiency, and ride quality of the fourth generation Honda City are exceptional. The inside of the car is roomy and well designed, with plenty of legroom and supportive seats for the driver and passengers. Even on uneven roads, the suspension system guarantees a comfortable and pleasurable ride. The City's impressive fuel economy...","By vinodhini","On: Sep 11, 2023  | 103 Views"
"Good Hybrid Car","https://www.cardekho.com/user-review/honda-city-hybrid/good-hybrid-car-266053.htm","I use the hybrid mostly in NCR and Delhi. Its fuel efficiency helps save a little more, especially in bumper-to-bumper traffic on usual days. I think it's the best option.","By pranjal","On: Sep 10, 2023  | 85 Views"
"New Look, New Tech","https://www.cardekho.com/user-review/honda-city-hybrid/new-look-new-tech-265642.htm","The new Honda City Hybrid has a nicer shape than before and more features inside too. It is fun to drive and has a quiet engine. The City also has a big touchscreen and cameras to make parking easy. But the back seat is not as roomy as some other cars and it costs more than other options like the Dzire. Honda City 4th generation look could seem com...","By jatinder","On: Sep 08, 2023  | 100 Views"
"Great Milage","https://www.cardekho.com/user-review/honda-city-hybrid/great-milage-265325.htm","Good news, we can buy this car as it is one of the best for driving and ensuring a safe journey. We can give it a try as it's one of the best choices. Honda City is always a top choice.","By rishi","On: Sep 06, 2023  | 89 Views"
"A Timeless Machine","https://www.cardekho.com/user-review/honda-city-hybrid/a-timeless-machine-264939.htm","As a classic symbol of comfort and dependability in the sedan segment, the Honda City 4th Generation continues to last. Making a striking impression on the road, its elegant and sophisticated design never fails to please. A powerful engine that offers sufficient horsepower for motorway travel, as well as city commutes, makes for a smooth and polish...","By shrinivas","On: Sep 04, 2023  | 66 Views"
"Perfect Blend For The Advance Generation","https://www.cardekho.com/user-review/honda-city-hybrid/perfect-blend-for-the-advance-generation-263894.htm","A new friend to a new generation, the Honda City Hybrid arrives in style in fusion with comfort. Starting at a very affordable price of Rs. 8.77 lakhs. I find this car quite versatile and responsive. It also provides a great mileage of about 17 to 26 Kmpl. The fuel type comes in petrol as well as diesel. The transmission type is available for both ...","By rajneesh","On: Aug 27, 2023  | 155 Views"
"City Hybrid Good For Family","https://www.cardekho.com/user-review/honda-city-hybrid/city-hybrid-good-for-family-263173.htm","This sedan car is a good for family. This is very comfortable and the maintenance cost is very low. It comes with a 1498 cc engine and it has an automatic transmission. It provides 27.13 kmpl mileage. The price range of this Honda car is around 20 lakh. Honda City Hybrid comes in six single-tone colors. It has an inch touchscreen infotainment syste...","By rahul","On: Aug 22, 2023  | 195 Views"
"Happy Family Car","https://www.cardekho.com/user-review/honda-city-hybrid/happy-family-car-261902.htm","Mileage economy of 20 kmpl in megacity driving conditions, Giving City Hybrid lower handling cost as compared to diesel seamless mongrel system which makes driving easier. A car you'll enjoy driving in traffic, a tractable power unit that delivers performance comparable to internal combustion with the same safety technology as the Honda Seeing, lan...","By arvind","On: Aug 14, 2023  | 196 Views"
"Excellent Fuel Economy","https://www.cardekho.com/user-review/honda-city-hybrid/excellent-fuel-economy-261223.htm","This Hybrid version of honda city gives an excellent fuel economy (27. 13 km), also it s a very Spacious and comfortable interior, a Stylish exterior, and Advanced safety features (Honda Sensing, Long list of standard features. Some advanced tech features are Twin electric motors,e CVT transmission, an 8-inch touchscreen infotainment system, Single...","By swati","On: Aug 10, 2023  | 180 Views"
"Fabulous Car","https://www.cardekho.com/user-review/honda-city-hybrid/fabulous-car-261039.htm","Overall worth it at all costs awesome car and road presence as well as handling is also too good with luxury.","By vikas kumar jaiswal","On: Aug 09, 2023  | 90 Views"
"Fuel Efficient And Eco Friendly Sedan","https://www.cardekho.com/user-review/honda-city-hybrid/fuel-efficient-and-eco-friendly-sedan-260856.htm","The Honda City Hybrid and Half is an eco-accommodating and modern hydrofoil that offers a remarkable driving encounter. With its mutt powertrain, it conveys fantastic energy viability and diminishes fossil fuel byproducts. The City Mutt gives a smooth and agreeable lift, guaranteeing a pleasant outing for its occupants. The inside is roomy and very...","By srinija","On: Aug 08, 2023  | 53 Views"
"Efficient For Daily Commuting","https://www.cardekho.com/user-review/honda-city-hybrid/efficient-for-daily-commuting-260268.htm","The Honda City 4th Generation is a variant of the popular Honda City that combines the efficiency of hybrid technology with the comfort and practicality of a compact sedan. With its eco-friendly nature and impressive fuel economy, the City Hybrid becomes the best option for those who are nature friendly. The combination of a petrol engine and an el...","By mina","On: Aug 04, 2023  | 401 Views"
"Best In Class","https://www.cardekho.com/user-review/honda-city-hybrid/best-in-class-259223.htm","The driving experience of this sedan is superb and I have had no issues with its ground clearance so far.","By nitin dutta","On: Jul 29, 2023  | 115 Views"
"Fuel Efficient Hybrid Car","https://www.cardekho.com/user-review/honda-city-hybrid/fuel-efficient-hybrid-car-258932.htm","Honda City Hybrid is an environmentally conscious choice. It provides an enjoyable drive along with good fuel efficiency. This car is Perfect for both short commutes and long drives. I really impressed with its performance. The car is also very comfortable. They provide good safety features like airbags and tire pressure monitoring systems. A few f...","By neeraj","On: Jul 27, 2023  | 179 Views"
"Honda City Hybrid - Great Car","https://www.cardekho.com/user-review/honda-city-hybrid/honda-city-hybrid-great-car-258594.htm","It is very comfortable and has the best mileage in the city. It is the best sedan all over the world and gives the best feeling of luxury.","By amber kankane","On: Jul 25, 2023  | 282 Views"
"Best Sedan","https://www.cardekho.com/user-review/honda-city-hybrid/best-sedan-258474.htm","Honda is the best brand. It's a very good sedan and always the best. It's my favorite - very good-looking and comfortable.","By dr syed ehtisham","On: Jul 24, 2023  | 65 Views"
"This Is Amazing Car Relates","https://www.cardekho.com/user-review/honda-city-hybrid/this-is-amazing-car-relates-257933.htm","This car is amazing, especially in terms of mileage, comfort, safety, and ease of driving with automatic transmission, etc.","By harsh","On: Jul 22, 2023  | 69 Views"
"Eco-friendly And Sophisticated Sedan","https://www.cardekho.com/user-review/honda-city-hybrid/ecofriendly-and-sophisticated-sedan-255978.htm","The Honda City Hybrid is an eco-friendly and sophisticated hydrofoil that offers a unique driving experience. With its mongrel powertrain, it delivers excellent energy effectiveness and reduces carbon emissions. The City Mongrel provides a smooth and comfortable lift, ensuring an enjoyable trip for its inhabitants. The interior is commodious and we...","By sandu","On: Jul 12, 2023  | 138 Views"
"Best Performance And Comfortable Riding Experience","https://www.cardekho.com/user-review/honda-city-hybrid/best-performance-and-comfortable-riding-experience-270406.htm","Honda City Hybrid was one of the best-selling sedans in the Indian market. This car is currently discontinued, but it was the main contributor to the total sales of the Honda in India. This car consists of a 4-cylinder, around 1500 cc engine that is very powerful and has good performance in the city as well as on Highway rides. This car was availab...","By manish","On: Oct 11, 2023  | 99 Views"
"Eco-friendly And Sophisticated Sedan","https://www.cardekho.com/user-review/honda-city-hybrid/ecofriendly-and-sophisticated-sedan-255978.htm","The Honda City Hybrid is an eco-friendly and sophisticated hydrofoil that offers a unique driving experience. With its mongrel powertrain, it delivers excellent energy effectiveness and reduces carbon emissions. The City Mongrel provides a smooth and comfortable lift, ensuring an enjoyable trip for its inhabitants. The interior is commodious and we...","By sandu","On: Jul 12, 2023  | 138 Views"